SL,model,rouge1_precision,rouge1_recall,rouge1_fmeasure,rouge2_precision,rouge2_recall,rouge2_fmeasure,rougeL_precision,rougeL_recall,rougeL_fmeasure
1,rag,0.424997524,0.752653278,0.492959889,0.315780081,0.526432136,0.359133054,0.325760194,0.56292171,0.373990384
2,gpt-3.5,0.309550968,0.653395227,0.391922787,0.148546593,0.299040651,0.185486323,0.197537118,0.42209491,0.250627485
3,gpt-4o,0.361561249,0.601475143,0.425525701,0.17467792,0.283186414,0.207035351,0.246377683,0.416601062,0.293066979
4,claude,0.303644464,0.766614775,0.413573895,0.18888639,0.455699348,0.257275724,0.218425153,0.556435491,0.299735545
5,gemini,0.400571594,0.480311286,0.390903063,0.156236724,0.201325483,0.159666551,0.258372376,0.326597261,0.256915118
